Component, Cost, Qty, Link
BT-20 Tubes, $16.52, 1 pack, https://www.apogeerockets.com/Building_Supplies/Body_Tubes/Low_Power_Tubes/18mm_x_18_Body_Tube_Estes_BT-20_size
Balsa Wood Sheet 1.2mm thick, $12.93, 1 pack, https://www.amazon.com.au/MJIYSGS-Paulownia-200x100x1mm-Unfinished-Airplane/dp/B0DPCBWKYR/ref=sr_1_5?crid=3HRUEFS3J23TF&dib=eyJ2IjoiMSJ9.BUyNUKA3swOif4ZIGqXwlEqCBEygKDTd00QsS7cwaNqjExoGLIB9iL8h_cM6p_H1Clii7e1N1rgn995JNvOZYas3paN6ziqZJGM3wJpDN6lE7WjmK1bvPWHdKh3HIDKwL3VQvLNH7OARRUIsXlBrQ2nqsZNoBAfWMw1ucrfaa5FFj6BWBq2sm2hZnj4Z8yqBZjZU-RT0ItRZWgZl_Sr2s5icYd-XosSd6Ihk40OkTkspICR-ZStLIc1c3TKy49YGAeZxLb_GPatJ5tVb4bJdx2kdGRtyTZ7XQkRGscyTcXA.2ntTBw9ByOWlsY9r-zPe33Dcb991azXvpu3PmaYBVH8&dib_tag=se&keywords=1.2mm+balsa+wood&qid=1791279254&sprefix=1.2mm+balsa+wood%2Caps%2C238&sr=8-5
PETG Fillament, $16.99, 1 roll, https://siddament.com.au/collections/petg/products/matte-blue-petg
Altimeter (Missile Meter), $71.12, 1, https://www.apogeerockets.com/Electronics-Payloads/Altimeters/Missile-Meter
Rocket Motors C6-5, $28.99, 1 pack, https://www.frontlinehobbies.com.au/estes-18mm-standard-engine-c6-5-3-ea-un0432-1.4s-d
Streamer, $8.20, 1 pack, https://www.apogeerockets.com/Building_Supplies/Parachutes_Recovery_Equipment/Streamers/Mylar_Streamer_2in_X_56in
Shock Cord, $13.35, 10 feet, https://www.apogeerockets.com/Building_Supplies/Parachutes_Recovery_Equipment/Shock_Cord/Kevlar_Cord_300
Black Spray Paint, $6.50, 1, https://www.bunnings.com.au/fiddly-bits-250g-gloss-black-spray-paint-black_p1580052
Spray Paint Primer, $6.50, 1, https://www.bunnings.com.au/fiddly-bits-250g-grey-primer_p1580057
Bright Blue Spray Paint, $6.50, 1, https://www.bunnings.com.au/fiddly-bits-280g-dark-blue-gloss-spray-paint_p0171894
